Rank,Name,Platform,Year,Genre,Publisher,NA_Sales,EU_Sales,JP_Sales,Other_Sales,Global_Sales
1,Wii Sports,Wii,2006,Sports,Nintendo,41.49,29.02,3.77,8.46,82.74
2,Super Mario Bros.,NES,1985,Platform,Nintendo,29.08,3.58,6.81,0.77,40.24
3,Mario Kart Wii,Wii,2008,Racing,Nintendo,15.85,12.88,3.79,3.31,35.82
6,Tetris,GB,1989,Puzzle,Nintendo,23.2,2.26,4.22,0.58,30.26
12,Mario Kart DS,DS,2005,Racing,Nintendo,9.81,7.57,4.13,1.92,23.42
17,Grand Theft Auto V,PS3,2013,Action,Take-Two Interactive,7.01,9.27,0.97,4.14,21.4
18,Grand Theft Auto: San Andreas,PS2,2004,Action,Take-Two Interactive,9.43,0.4,0.41,10.57,20.81
19,Super Mario World,SNES,1990,Platform,Nintendo,12.78,3.75,3.54,0.55,20.61
23,Super Mario Bros. 3,NES,1988,Platform,Nintendo,9.54,3.44,3.84,0.46,17.28
25,Grand Theft Auto: Vice City,PS2,2002,Action,Take-Two Interactive,8.41,5.49,0.47,1.78,16.15
29,Gran Turismo 3: A-Spec,PS2,2001,Racing,Sony Computer Entertainment,6.85,5.09,1.87,1.16,14.98
30,Call of Duty: Modern Warfare 3,X360,2011,Shooter,Activision,9.03,4.28,0.13,1.32,14.76
32,Call of Duty: Black Ops,X360,2010,Shooter,Activision,9.67,3.73,0.11,1.13,14.64
36,Call of Duty: Black Ops II,X360,2012,Shooter,Activision,8.25,4.3,0.07,1.12,13.73
39,Grand Theft Auto III,PS2,2001,Action,Take-Two Interactive,6.99,4.51,0.3,1.3,13.1
40,Super Smash Bros. Brawl,Wii,2008,Fighting,Nintendo,6.75,2.61,2.66,1.02,13.04
41,Call of Duty: Black Ops,PS3,2010,Shooter,Activision,5.98,4.44,0.48,1.83,12.73
42,Animal Crossing: Wild World,DS,2005,Simulation,Nintendo,2.55,3.52,5.33,0.88,12.27
43,Mario Kart 7,3DS,2011,Racing,Nintendo,4.74,3.91,2.67,0.89,12.21
44,Halo 3,X360,2007,Shooter,Microsoft Game Studios,7.97,2.83,0.13,1.21,12.14
47,Super Mario 64,N64,1996,Platform,Nintendo,6.91,2.85,1.91,0.23,11.89
48,Gran Turismo 4,PS2,2004,Racing,Sony Computer Entertainment,3.01,0.01,1.1,7.53,11.66
52,Grand Theft Auto IV,X360,2008,Action,Take-Two Interactive,6.76,3.1,0.14,1.03,11.02
61,Just Dance 3,Wii,2011,Misc,Ubisoft,6.05,3.15,0,1.07,10.26
62,Call of Duty: Ghosts,X360,2013,Shooter,Activision,6.72,2.63,0.04,0.82,10.21
63,Halo: Reach,X360,2010,Shooter,Microsoft Game Studios,7.03,1.98,0.08,0.78,9.88
66,Halo 4,X360,2012,Shooter,Microsoft Game Studios,6.63,2.36,0.04,0.73,9.76
71,Call of Duty 4: Modern Warfare,X360,2007,Shooter,Activision,5.91,2.38,0.13,0.9,9.32
78,FIFA 16,PS4,2015,Sports,Electronic Arts,1.11,6.06,0.06,1.26,8.49
80,Halo 2,XB,2004,Shooter,Microsoft Game Studios,6.82,1.53,0.05,0.08,8.49
81,Mario Party 8,Wii,2007,Misc,Nintendo,3.81,2.3,1.58,0.73,8.42
83,FIFA Soccer 13,PS3,2012,Action,Electronic Arts,1.06,5.05,0.13,2.01,8.24
84,The Sims 3,PC,2009,Simulation,Electronic Arts,0.98,6.42,0,0.71,8.11
85,GoldenEye 007,N64,1997,Shooter,Nintendo,5.8,2.01,0.13,0.15,8.09
87,Final Fantasy X,PS2,2001,Role-Playing,Sony Computer Entertainment,2.91,2.07,2.73,0.33,8.05
90,Pac-Man,2600,1982,Puzzle,Atari,7.28,0.45,0,0.08,7.81
93,Star Wars Battlefront (2015),PS4,2015,Shooter,Electronic Arts,2.93,3.29,0.22,1.23,7.67
95,The Legend of Zelda: Ocarina of Time,N64,1998,Action,Nintendo,4.1,1.89,1.45,0.16,7.6
96,Crash Bandicoot 2: Cortex Strikes Back,PS,1997,Platform,Sony Computer Entertainment,3.78,2.17,1.31,0.31,7.585
99,Call of Duty: World at War,X360,2008,Shooter,Activision,4.79,1.9,0,0.69,7.37
100,Battlefield 3,X360,2011,Shooter,Electronic Arts,4.46,2.13,0.06,0.69,7.34
101,The Legend of Zelda: Twilight Princess,Wii,2006,Action,Nintendo,3.83,2.19,0.6,0.7,7.31
102,Call of Duty: Black Ops 3,XOne,2015,Shooter,Activision,4.52,2.09,0.01,0.67,7.3
104,Battlefield 3,PS3,2011,Shooter,Electronic Arts,2.85,2.93,0.35,1.1,7.23
105,Need for Speed Underground,PS2,2003,Racing,Electronic Arts,3.27,2.83,0.08,1.02,7.2
106,Tekken 3,PS,1998,Fighting,Sony Computer Entertainment,3.27,2.22,1.4,0.29,7.16
110,Fallout 4,PS4,2015,Role-Playing,Bethesda Softworks,2.47,3.15,0.24,1.1,6.96
113,FIFA 14,PS3,2013,Sports,Electronic Arts,0.78,4.32,0.07,1.73,6.9
114,Need for Speed Underground 2,PS2,2004,Racing,Electronic Arts,2.71,3.02,0.08,1.09,6.9
115,Medal of Honor: Frontline,PS2,2002,Shooter,Electronic Arts,2.93,2.75,0.17,0.99,6.83
116,Uncharted 3: Drake's Deception,PS3,2011,Action,Sony Computer Entertainment,2.77,2.8,0.19,1.06,6.83
117,Crash Bandicoot,PS,1996,Platform,Sony Computer Entertainment,3.23,2.35,0.94,0.3,6.82
119,Gears of War 2,X360,2008,Shooter,Microsoft Game Studios,4.15,1.92,0.06,0.64,6.76
120,Uncharted 2: Among Thieves,PS3,2009,Action,Sony Computer Entertainment,3.27,2.25,0.21,1,6.73
121,Call of Duty 4: Modern Warfare,PS3,2007,Shooter,Activision,3.1,2.3,0.28,1.04,6.72
122,FIFA 12,PS3,2011,Sports,Electronic Arts,0.84,4.32,0.11,1.42,6.69
123,Big Brain Academy,DS,2005,Misc,Nintendo,1.67,2.78,1.6,0.62,6.67
124,Red Dead Redemption,PS3,2010,Action,Take-Two Interactive,2.79,2.61,0.17,1.03,6.6
125,FIFA 15,PS4,2014,Sports,Electronic Arts,0.79,4.29,0.05,1.47,6.59
126,Donkey Kong Country Returns,Wii,2010,Platform,Nintendo,3.25,1.84,1.03,0.47,6.59
127,The Elder Scrolls V: Skyrim,PS3,2011,Role-Playing,Bethesda Softworks,2.55,2.71,0.25,1.05,6.56
128,The Legend of Zelda,NES,1986,Action,Nintendo,3.74,0.93,1.69,0.14,6.51
129,Assassin's Creed III,PS3,2012,Action,Ubisoft,2.64,2.56,0.16,1.14,6.5
130,Halo: Combat Evolved,XB,2001,Shooter,Microsoft Game Studios,4.98,1.3,0.08,0.07,6.43
131,Pok√©mon Emerald Version,GBA,2004,Role-Playing,Nintendo,2.57,1.58,2.06,0.21,6.41
135,Red Dead Redemption,X360,2010,Action,Take-Two Interactive,3.7,1.97,0.09,0.57,6.34
138,World of Warcraft,PC,2004,Role-Playing,Activision,0.07,6.21,0,0,6.28
142,Gears of War,X360,2006,Shooter,Microsoft Game Studios,3.54,1.9,0.07,0.6,6.11
147,The Last of Us,PS3,2013,Action,Sony Computer Entertainment Europe,2.41,2.28,0.28,1.01,5.99
148,Final Fantasy XII,PS2,2006,Role-Playing,Square Enix,1.88,0,2.33,1.74,5.95
152,Resident Evil 2,PS,1998,Action,Virgin Interactive,1.88,1.47,2.02,0.45,5.82
155,Destiny,PS4,2014,Shooter,Activision,2.49,2.05,0.16,0.96,5.65
156,Tetris,NES,1988,Puzzle,Nintendo,2.97,0.69,1.81,0.11,5.58
159,Assassin's Creed,X360,2007,Adventure,Ubisoft,3.28,1.65,0.07,0.55,5.55
160,Batman: Arkham City,PS3,2011,Action,Warner Bros. Interactive Entertainment,2.7,1.91,0.11,0.8,5.53
161,Forza Motorsport 3,X360,2009,Racing,Microsoft Game Studios,2.99,1.92,0.1,0.51,5.51
180,Madden NFL 2004,PS2,N/A,Sports,Electronic Arts,4.26,0.26,0.01,0.71,5.23
182,Diablo III,PC,2012,Role-Playing,Activision,2.43,2.15,0,0.62,5.2
193,Fable III,X360,2010,Role-Playing,Microsoft Game Studios,3.59,1.11,0.05,0.38,5.13
195,Microsoft Flight Simulator,PC,1996,Simulation,Microsoft Game Studios,3.22,1.69,0,0.2,5.12
196,Guitar Hero II,PS2,2006,Misc,RedOctane,3.81,0.63,0,0.68,5.12
203,Tony Hawk's Pro Skater,PS,1999,Sports,Activision,3.42,1.38,0.02,0.2,5.02
222,FIFA 17,PS4,2016,Sports,Electronic Arts,0.28,3.75,0.06,0.69,4.77
230,Tomb Raider,PS,1996,Action,Eidos Interactive,2.29,1.97,0.13,0.24,4.63
250,Winning Eleven: Pro Evolution Soccer 2007,PS2,2006,Sports,Konami Digital Entertainment,0.1,2.39,1.05,0.86,4.39
251,The Elder Scrolls IV: Oblivion,X360,2006,Role-Playing,Take-Two Interactive,2.82,1.05,0.13,0.4,4.39
253,Need for Speed: Most Wanted,PS2,2005,Racing,Electronic Arts,2.03,1.79,0.08,0.47,4.37
2296,Far Cry 4,PS4,2014,Shooter,Ubisoft,1.12,2.12,0.1,0.69,4.03
302,Left 4 Dead 2,X360,2009,Shooter,Electronic Arts,2.67,0.89,0.05,0.37,3.99
315,NBA 2K16,PS4,2015,Sports,Take-Two Interactive,2.48,0.65,0.03,0.69,3.85
351,Resident Evil 4,PS2,2005,Action,Capcom,2.08,0.83,0.46,0.25,3.62
352,Tom Clancy's The Division,PS4,2016,Shooter,Ubisoft,1.28,1.61,0.15,0.57,3.61
353,Star Wars: Battlefront,PS2,2004,Shooter,LucasArts,1.93,1.22,0.03,0.44,3.61
354,Doom II: Hell on Earth,PC,1994,Shooter,Virgin Interactive,2.05,1.4,0,0.16,3.61
383,Far Cry 3,PS3,2012,Shooter,Ubisoft,0.88,1.75,0.1,0.72,3.45
384,Monster Hunter 4,3DS,2013,Role-Playing,Capcom,0,0,3.44,0,3.44
385,Borderlands,X360,2009,Shooter,Take-Two Interactive,2.39,0.73,0.03,0.29,3.44
407,Star Wars Episode III: Revenge of the Sith,PS2,2005,Action,LucasArts,1.47,1.39,0.03,0.43,3.32
408,Max Payne,PS2,2001,Shooter,Take-Two Interactive,1.99,1.05,0.05,0.22,3.31
4418,L.A. Noire,PS3,2011,Adventure,Take-Two Interactive,1.27,1.33,0.12,0.51,3.23
449,Mass Effect 2,X360,2010,Role-Playing,Electronic Arts,1.99,0.82,0.03,0.27,3.11
462,Saints Row 2,X360,2008,Action,THQ,1.94,0.8,0.02,0.27,3.03
463,Rayman,PS,1995,Platform,Ubisoft,1.54,1.33,0,0.16,3.03
509,Mortal Kombat,PS3,2011,Fighting,Warner Bros. Interactive Entertainment,1.98,0.55,0,0.32,2.85
549,Metroid,NES,1986,Action,Nintendo,1.33,0.31,1.04,0.05,2.73
554,Mortal Kombat X,PS4,2015,Fighting,Warner Bros. Interactive Entertainment,1.47,0.76,0,0.47,2.7
639,Ice Hockey,NES,1988,Sports,Nintendo,1.27,0.32,0.78,0.05,2.42
640,Pro evolution soccer 2011,PS3,2010,Sports,Konami Digital Entertainment,0.29,1.18,0.54,0.41,2.42
657,Dead Island,X360,2011,Action,Deep Silver,1.48,0.71,0,0.2,2.39
695,Dead Island,PS3,2011,Action,Deep Silver,1.08,0.75,0.15,0.31,2.29
696,Tomb Raider II,PC,1997,Action,Eidos Interactive,0.91,1.25,0,0.13,2.29
697,God of War: Ascension,PS3,2013,Action,Sony Computer Entertainment,1.23,0.68,0.04,0.34,2.29
732,BioShock 2,X360,2010,Shooter,Take-Two Interactive,1.45,0.55,0.02,0.19,2.21
791,Portal 2,X360,2011,Shooter,Valve Software,1.41,0.51,0.01,0.17,2.1
842,Dead Space,PS3,2008,Action,Electronic Arts,1.05,0.67,0,0.3,2.02
845,Forza Horizon,X360,2012,Racing,Microsoft Game Studios,0.82,0.98,0.04,0.18,2.02
860,Dragon Age: Inquisition,PS4,2014,Role-Playing,Electronic Arts,0.72,0.86,0.08,0.32,1.97
8949,Just Cause 3,PS4,2015,Action,Square Enix,0.46,1.02,0.07,0.28,1.83
998,BioShock Infinite,PS3,2013,Shooter,Take-Two Interactive,0.72,0.69,0.04,0.31,1.76
999,Hitman: Absolution,X360,2012,Action,Square Enix,0.68,0.9,0.01,0.17,1.76
1009,Crackdown,X360,2007,Shooter,Microsoft Game Studios,1,0.54,0.03,0.18,1.75
1062,Saints Row IV,X360,2013,Action,Deep Silver,1.01,0.53,0.01,0.14,1.69
1103,Max Payne 3,X360,2012,Shooter,Take-Two Interactive,0.86,0.64,0.01,0.14,1.66
1124,Until Dawn,PS4,2015,Adventure,Sony Computer Entertainment Europe,0.44,0.89,0.05,0.25,1.64
1126,Viva Pinata,X360,2006,Simulation,Microsoft Game Studios,0.45,0.96,0.02,0.2,1.63